<VAST xmlns:xsd="http://www.w3.org/2001/XMLSchema" xmlns:xsi="http://www.w3.org/2001/XMLSchema-instance" version="0"><Ad><InLine><AdSystem version="v1">Dideo Ad Services</AdSystem><AdTitle>دیدئو</AdTitle><Error><![CDATA[https://dideo.ir/api/vast/error]]></Error><Creatives><Creative sequence="1"><Linear skipoffset="00:00:03"><Duration /><TrackingEvents><Tracking event="start"><![CDATA[https://dideo.ir/api/vast/track/start]]></Tracking><Tracking event="firstQuartile"><![CDATA[https://dideo.ir/api/vast/track/first]]></Tracking><Tracking event="midpoint"><![CDATA[https://dideo.ir/api/vast/track/mid]]></Tracking><Tracking event="thirdQuartile"><![CDATA[https://dideo.ir/api/vast/track/third]]></Tracking><Tracking event="complete"><![CDATA[https://dideo.ir/api/vast/track/compelete]]></Tracking><Tracking event="progress" offset="00:00:10"><![CDATA[https://dideo.ir/api/vast/track/progress/10]]></Tracking><Tracking event="progress" offset="00:00:03"><![CDATA[https://dideo.ir/api/vast/track/progress/3]]></Tracking></TrackingEvents><MediaFiles><InteractiveCreativeFile type="application/javascript" apiFramework="VPAID"><![CDATA[https://static.magnetadservices.com//shared/magnetVpaidLinearVideoAd.js]]></InteractiveCreativeFile><MediaFile type="application/javascript" apiFramework="VPAID" width="0" height="0" bitrate="0" delivery="progressive" scalable="false" maintainAspectRatio="false"><![CDATA[https://static.magnetadservices.com//shared/magnetVpaidLinearVideoAd.js]]></MediaFile><MediaFile type="video/mp4" width="0" height="0" bitrate="0" delivery="progressive" scalable="false" maintainAspectRatio="false"><![CDATA[https://www.dideo.ir/static/ad/quera/codeup.mp4]]></MediaFile><MediaFile type="video/webm" width="0" height="0" bitrate="0" delivery="progressive" scalable="false" maintainAspectRatio="false"><![CDATA[https://www.dideo.ir/static/ad/quera/codeup.mp4]]></MediaFile></MediaFiles><VideoClicks><ClickThrough Id="landing"><![CDATA[https://www.dideo.ir/]]></ClickThrough><ClickTracking Id="ClickTracking"><![CDATA[https://dideo.ir/api/vast/track/click]]></ClickTracking></VideoClicks><AdParameters><![CDATA[[{"Url":"https://www.dideo.ir/static/ad/quera/codeup.mp4","Mimetype":"video/mp4","CallToAction":"جایزه بگیر","IconUrl":null,"BusinessName":"دیدئو","LandingUrl":"https://www.dideo.ir/","SkipOffset":10},{"Url":"https://www.dideo.ir/static/ad/quera/codeup.mp4","Mimetype":"video/webm","CallToAction":"جایزه بگیر","IconUrl":null,"BusinessName":"دیدئو","LandingUrl":"https://www.dideo.ir/","SkipOffset":10}]]]></AdParameters></Linear></Creative></Creatives></InLine></Ad></VAST>
